Grid( 30m × 30m),site,Time,Latitude,Longitude,Temperature (°C),RH (%),Pressure (mmHg),Methane (PPM),CO (PPM),CO2 (PPM),VOC (PPB),Lat  Long,Methane(Mg/m3),CO(mg/m3),CO2(mg/m3),Methane (PPM) aeroqual,Pressure Inside the chamber(PV= nrt),dc/dt,Methane Flux (aeroqual) g/m2/ 5 or 15 min,Methane Flux (aeroqual) g/m2/hr,Methane Emission Factor g/hr,Time interval
1,Bhandewadi,"Thursday, November 7, 2024, 3:30:00 PM",21.139204,79.152816,27.5,78,760,0,37,2314,48,"21.139204,79.152816",0,41.98657679,412.582077,0,0,0,0,0,0,5
2,Bhandewadi,"Thursday, November 7, 2024, 3:35:00 PM",21.139204,79.152816,28.8,47,760,42,31,676,41,"21.139204,79.152816",27.17536984,35.02648941,120.0106736,42,27877.13019,5.435073968,3.728460742,44.7415289,15.22357366,5
3,Bhandewadi,"Thursday, November 7, 2024, 3:40:00 PM",21.139204,79.152816,29.9,80,760,59,91,1034,12,"21.139204,79.152816",38.03635833,102.4464835,182.9003185,59,40508.87952,2.172197698,1.490127621,17.88153145,6.084298365,5
4,Bhandewadi,"Thursday, November 7, 2024, 3:45:00 PM",21.139204,79.152816,30,57,760,70,67,3119,17,"21.139204,79.152816",45.11299644,75.40274941,551.5260291,70,48206.21587,1.415327623,0.970914749,11.65097699,3.964314827,5
5,Bhandewadi,"Thursday, November 7, 2024, 3:50:00 PM",21.139204,79.152816,32,13,760,89,45,2661,16,"21.139204,79.152816",56.98201979,50.31171148,467.4548948,89,64948.32119,2.373804668,1.628430002,19.54116003,6.648996946,5
6,Bhandewadi,"Thursday, November 7, 2024, 3:55:00 PM",21.139204,79.152816,33,78,760,101,84,3843,43,"21.139204,79.152816",64.45376879,93.60843273,672.8903997,101,75760.41919,1.494349801,1.025123964,12.30148756,4.185654953,5
7,Bhandewadi,"Thursday, November 7, 2024, 4:00:00 PM",21.139204,79.152816,35,65,760,101,91,1346,16,"21.139204,79.152816",64.03544156,100.7509551,234.1483487,101,79830.44776,-0.083665447,-0.057394497,-0.68873396,-0.234345862,5
8,Bhandewadi,"Thursday, November 7, 2024, 4:05:00 PM",21.139204,79.152816,36.9,92,760,150,43,2770,16,"21.139204,79.152816",94.51935083,47.31585275,478.9125796,150,124230.2069,6.096781856,4.182392353,50.18870823,17.07700911,5
9,Bhandewadi,"Thursday, November 7, 2024, 4:10:00 PM",21.139204,79.152816,44,79,760,173,66,1509,40,"21.139204,79.152816",106.5718719,70.99849969,255.0543503,173,167022.655,2.41050422,1.653605895,19.84327074,6.751791929,5
10,Bhandewadi,"Thursday, November 7, 2024, 4:15:00 PM",21.139204,79.152816,46,61,760,199,95,4761,43,"21.139204,79.152816",121.8202354,101.5543915,799.6713637,199,199598.5484,3.049672698,2.092075471,25.10490565,8.542094778,5
11,Bhandewadi,"Thursday, November 7, 2024, 4:20:00 PM",21.139204,79.152816,47.6,27,760,260,76,4139,18,"21.139204,79.152816",158.3681669,80.83824547,691.7305759,260,268506.5935,7.30958629,5.014376195,60.17251434,20.47405904,5
12,Bhandewadi,"Thursday, November 7, 2024, 4:25:00 PM",21.139204,79.152816,48,88,760,289,93,3265,30,"21.139204,79.152816",175.8130561,98.79727676,544.9836468,289,300588.5773,3.488977849,2.393438804,28.72126565,9.772582965,5
13,Bhandewadi,"Thursday, November 7, 2024, 4:30:00 PM",21.139204,79.152816,49.4,40,760,305,38,4898,34,"21.139204,79.152816",184.7413019,40.1935626,814.0103858,305,325065.6362,1.785649166,1.224955328,14.69946393,5.0015808,5
14,Bhandewadi,"Thursday, November 7, 2024, 4:35:00 PM",21.139204,79.152816,51,77,760,367,35,3484,35,"21.139204,79.152816",221.1980251,36.83765448,576.1563223,367,401819.9854,7.291344627,5.001862414,60.02234897,20.42296437,5
15,Bhandewadi,"Thursday, November 7, 2024, 4:40:00 PM",21.139204,79.152816,52.5,68,760,379,35,3945,21,"21.139204,79.152816",227.3784671,36.6679739,649.3878167,379,425195.5885,1.236088402,0.847956644,10.17547972,3.462268029,5
16,Bhandewadi,"Wednesday, November 6, 2024, 12:30:00 PM",21.142858,79.153704,29.9,100,760,0,85,3396,22,"21.142858,79.153704",0,95.69177029,600.7054949,,0,-45.47569342,-31.19632568,-374.3559082,-127.3768439,5
17,Bhandewadi,"Wednesday, November 6, 2024, 12:35:00 PM",21.142617,79.15137,31.5,72,760,117,67,961,14,"21.142617,79.15137",75.03188999,75.03149018,169.094864,,84185.35588,15.006378,10.29437531,123.5325037,42.03267557,5
18,Bhandewadi,"Wednesday, November 6, 2024, 12:40:00 PM",21.142598,79.151637,32,20,760,256,39,4506,23,"21.142598,79.151637",163.9033378,43.60348328,791.5639819,,186817.643,17.77428956,12.19316264,146.3179517,49.78556097,5
19,Bhandewadi,"Wednesday, November 6, 2024, 12:45:00 PM",21.142589,79.152005,33.3,21,760,589,100,4746,49,"21.142589,79.152005",375.5059958,111.3295173,830.1877478,,445390.7792,42.32053161,29.03188468,348.3826162,118.5392754,5
20,Bhandewadi,"Wednesday, November 6, 2024, 12:50:00 PM",21.142619,79.15226,34,91,760,897,93,4758,27,"21.142619,79.15226",570.5623762,103.3004898,830.3900363,,690974.7215,39.01127608,26.76173539,321.1408247,109.2700924,5
21,Bhandewadi,"Wednesday, November 6, 2024, 12:55:00 PM",21.142623,79.152566,35.2,73,760,1470,98,4074,10,"21.142623,79.152566",931.3964726,108.4306534,708.2478802,,1167770.136,72.16681926,49.50643802,594.0772562,202.1383509,5
22,Bhandewadi,"Wednesday, November 6, 2024, 1:00:00 PM",21.142568,79.152857,36,29,760,2019,99,2272,40,"21.142568,79.152857",1275.93419,109.253635,393.9556085,,1636103.93,68.90754347,47.27057482,567.2468978,193.0091605,5
23,Bhandewadi,"Wednesday, November 6, 2024, 1:05:00 PM",21.142585,79.15315,37.8,51,760,2980,56,2768,46,"21.142585,79.15315",1872.34946,61.44229336,477.1816517,,2520918.596,119.283054,81.82817504,981.9381005,334.1103303,5
24,Bhandewadi,"Wednesday, November 6, 2024, 1:10:00 PM",21.142614,79.15343,45,31,760,3566,26,3390,16,"21.142614,79.15343",2189.831094,27.88119424,571.1839324,,3509968.704,63.49632678,43.55848017,522.701762,177.8524107,5
25,Bhandewadi,"Wednesday, November 6, 2024, 1:15:00 PM",21.142606,79.153735,48,53,760,4039,96,1480,48,"21.142606,79.153735",2457.124338,101.9842857,247.0369976,,4200959.39,53.45864883,36.6726331,440.0715971,149.7370014,5
26,Bhandewadi,"Wednesday, November 6, 2024, 1:20:00 PM",21.142588,79.153989,50,23,760,4899,64,1809,11,"21.142588,79.153989",2961.859723,67.56873144,300.0838465,,5274904.516,100.9470771,69.24969486,830.9963383,282.7514901,5
27,Bhandewadi,"Wednesday, November 6, 2024, 1:25:00 PM",21.142381,79.151437,52.5,35,760,5110,93,2050,8,"21.142381,79.151437",3065.709675,97.43204493,337.4512102,,5732848.172,20.76999036,14.24821339,170.9785607,58.17648114,5
28,Bhandewadi,"Wednesday, November 6, 2024, 1:30:00 PM",21.14234,79.151639,54.6,87,760,5669,36,2403,24,"21.14234,79.151639",3379.286112,37.47397408,393.0241905,,6572002.477,62.71528736,43.02268713,516.2722455,175.6647292,5
29,Bhandewadi,"Wednesday, November 6, 2024, 1:35:00 PM",21.14234,79.152004,57.2,49,760,7030,83,4095,21,"21.14234,79.152004",4157.595375,85.71833623,664.4890159,,8470681.682,155.6618527,106.7840309,1281.408371,436.0068867,5
30,Bhandewadi,"Wednesday, November 6, 2024, 1:40:00 PM",21.142351,79.152287,58.6,52,760,7067,78,4048,12,"21.142351,79.152287",4161.839872,80.21463707,654.090413,,8686865.451,0.848899417,0.582345,6.988139997,2.377756563,5
31,Bhandewadi,"Saturday, November 2, 2024, 10:30:00 AM",21.142337,79.15258,29.8,77,760,0,85,746,40,"21.142337,79.15258",0,95.72335695,132.0006537,,0,0,0,0,0,15
32,Bhandewadi,"Saturday, November 2, 2024, 10:45:00 AM",21.142329,79.152874,30,28,760,67,18,987,8,"21.142329,79.152874",43.17958231,20.25745507,174.5290768,,46140.23519,2.878638821,1.974746231,7.898984924,2.687677014,15
33,Bhandewadi,"Saturday, November 2, 2024, 11:00:00 AM",21.142315,79.153152,31,47,760,74,44,2590,16,"21.142315,79.153152",47.53408142,49.35541493,456.4783187,,52486.41523,0.290299941,0.199145759,0.796583038,0.271042158,15
34,Bhandewadi,"Saturday, November 2, 2024, 11:15:00 AM",21.142301,79.153449,32,17,760,86,25,2306,48,"21.142301,79.153449",55.06127755,27.95095082,405.0924417,,62759.05194,0.501813075,0.344243769,1.376975077,0.468524032,15
35,Bhandewadi,"Saturday, November 2, 2024, 11:30:00 AM",21.142312,79.153717,34,87,760,101,51,862,43,"21.142312,79.153717",64.24392419,56.64865568,150.4405656,,77802.05895,0.612176443,0.41995304,1.67981216,0.571566166,15
36,Bhandewadi,"Saturday, November 2, 2024, 11:45:00 AM",21.142294,79.154017,45,23,760,199,39,1144,6,"21.142294,79.154017",122.2031373,41.82179137,192.7535158,,195873.1834,3.863947541,2.650668013,10.60267205,3.607622782,15
37,Bhandewadi,"Saturday, November 2, 2024, 12:00:00 PM",21.14208,79.151098,48,27,760,204,34,4577,24,"21.14208,79.151098",124.1033337,36.11943452,763.9786069,,212180.1722,0.126679761,0.086902316,0.347609264,0.118276138,15
38,Bhandewadi,"Saturday, November 2, 2024, 12:15:00 PM",21.142043,79.15144,49.6,85,760,214,71,2584,14,"21.142043,79.15144",129.5414426,75.05196191,429.1750534,,228860.329,0.362540593,0.248702847,0.994811388,0.338490544,15
39,Bhandewadi,"Saturday, November 2, 2024, 12:30:00 PM",21.142104,79.151709,50,82,760,230,43,932,27,"21.142104,79.151709",139.0544471,45.39774144,154.6037286,,247648.0993,0.634200298,0.435061404,1.740245617,0.592129013,15
40,Bhandewadi,"Saturday, November 2, 2024, 12:45:00 PM",21.142098,79.151987,53.6,12,760,279,62,2088,31,"21.142098,79.151987",166.8206518,64.73602741,342.5493198,,318489.2043,1.851080316,1.269841097,5.079364388,1.728284209,15
41,Bhandewadi,"Saturday, November 2, 2024, 1:00:00 PM",21.14211,79.152287,55.7,84,760,292,25,2673,6,"21.14211,79.152287",173.4787212,25.93654445,435.7218351,,344176.7422,0.44387129,0.304495705,1.217982821,0.414425963,15
42,Bhandewadi,"Thursday, September 26, 2024, 9:00:00 AM",21.142073,79.152585,30.8,76,760,0,69,3939,50,"21.142073,79.152585",0,77.44919261,694.6915952,,0,0,0,0,0,15
43,Bhandewadi,"Thursday, September 26, 2024, 9:15:00 AM",21.142076,79.152853,31.5,33,760,62,45,3380,24,"21.142076,79.152853",39.76048871,50.39428445,594.7353176,,44611.04329,2.650699248,1.818379684,21.82055621,7.424575173,15
44,Bhandewadi,"Thursday, September 26, 2024, 9:30:00 AM",21.14206,79.153141,32.8,14,760,779,39,2512,49,"21.14206,79.153141",497.4485932,43.48946862,440.126369,,581168.6284,30.5125403,20.93160264,251.1792317,85.46524067,15
45,Bhandewadi,"Thursday, September 26, 2024, 9:45:00 AM",21.142061,79.153461,33.1,52,760,976,19,1463,49,"21.142061,79.153461",622.6370032,21.16642223,256.0804594,,734079.3937,8.345894,5.725283284,68.70339941,23.37674387,15
46,Bhandewadi,"Thursday, September 26, 2024, 10:00:00 AM",21.142044,79.153769,33.3,21,760,2000,77,3712,37,"21.142044,79.153769",1275.062804,85.72372831,649.3166709,,1512362.578,43.4950534,29.83760663,358.0512796,121.8290962,15
47,Bhandewadi,"Thursday, September 26, 2024, 10:15:00 AM",21.142039,79.153996,33.8,10,760,4000,87,4658,32,"21.142039,79.153996",2545.971633,96.69890731,813.4672217,,3065140.405,84.72725524,58.1228971,697.4747651,237.3199737,15
48,Bhandewadi,"Thursday, September 26, 2024, 10:30:00 AM",21.141848,79.151125,47.3,76,760,4000,69,4782,45,"21.141848,79.151125",2438.714285,73.46132656,799.9401724,,4108678.649,-7.150489841,-4.905236031,-58.86283237,-20.02843189,15
49,Bhandewadi,"Thursday, September 26, 2024, 10:45:00 AM",21.141831,79.151423,48.8,70,760,4000,42,2356,38,"21.141831,79.151423",2427.352051,44.50725529,392.2790078,,4219225.167,-0.757482306,-0.519632862,-6.235594346,-2.12169839,15
50,Bhandewadi,"Thursday, September 26, 2024, 11:00:00 AM",21.141804,79.151732,49,12,760,6000,18,2783,12,"21.141804,79.151732",3638.767621,19.06269596,463.0877386,,6350830.383,80.76103801,55.40207208,664.8248649,226.2106492,15
51,Bhandewadi,"Thursday, September 26, 2024, 11:15:00 AM",21.141837,79.15196,50.4,30,760,6000,20,2030,9,"21.141837,79.15196",3623.022683,21.08912414,336.327861,,6504017.51,-1.049662529,-0.720068495,-8.640821939,-2.94009151,15
52,Bhandewadi,"Thursday, March 13, 2025, 12:00:00 AM",21.141829,79.1523,51,66,760,6000,43,2678,49,"21.141829,79.1523",3616.316486,45.25768979,442.8664268,,6569264.066,-0.44707977,-0.306696722,-3.680360663,-1.252264798,15
53,Bhandewadi,"Friday, March 14, 2025, 12:00:00 AM",21.141832,79.152568,51.2,10,760,6000,15,4617,31,"21.141832,79.152568",3614.086601,15.77783131,763.0520856,,6590959.275,-0.14865902,-0.101980088,-1.223761053,-0.416392041,15
54,Bhandewadi,"Thursday, December 19, 2024, 10:30:00 AM",21.141814,79.152907,15,72,758,0,100,2272,36,"21.141814,79.152907",0,118.0883192,421.5543042,,0,0,0,0,0,15
55,Bhandewadi,"Thursday, December 19, 2024, 10:45:00 AM",21.141798,79.153165,17,92,762,101,50,3244,12,"21.141798,79.153165",68.18696882,58.94659998,600.9078274,,41288.62483,4.545797921,3.118417374,37.42100849,12.73272266,15
56,Bhandewadi,"Thursday, December 19, 2024, 11:00:00 AM",21.141788,79.153429,20,80,769,179,84,2923,9,"21.141788,79.153429",120.708287,98.91726201,540.8288814,,85989.85067,3.501421212,2.401974952,28.82369942,9.80743667,15
57,Bhandewadi,"Thursday, December 19, 2024, 11:15:00 AM",21.141766,79.153722,25,71,763,190,21,2867,25,"21.141766,79.153722",124.9945104,24.12489203,517.5020046,,111304.074,0.285748227,0.196023283,2.3522794,0.80037718,15
58,Bhandewadi,"Thursday, December 19, 2024, 11:30:00 AM",21.141764,79.153966,25.5,17,754,204,34,1823,44,"21.141764,79.153966",132.3995804,38.53400091,324.6310935,,120256.0408,0.493671334,0.338658535,4.063902418,1.382767181,15
59,Bhandewadi,"Thursday, December 19, 2024, 11:45:00 AM",21.141565,79.150836,27.2,29,749,150,39,3631,36,"21.141565,79.150836",96.1596901,43.6591371,638.6678424,,93162.70102,-2.415992687,-1.657370983,-19.8884518,-6.767165056,15
60,Bhandewadi,"Thursday, December 19, 2024, 12:00:00 PM",21.141533,79.151121,28.3,82,745,143,97,1578,30,"21.141533,79.151121",90.84993827,107.6140753,275.0696042,,91578.00627,-0.353983455,-0.24283265,-2.913991802,-0.991503195,15
61,Bhandewadi,"Thursday, December 19, 2024, 12:15:00 PM",21.141548,79.151392,29,67,765,111,16,1645,36,"21.141548,79.151392",72.2452719,18.18507844,293.7645309,,74625.54916,-1.240311091,-0.850853409,-10.2102409,-3.474095729,15
62,Bhandewadi,"Thursday, December 19, 2024, 12:30:00 PM",21.141544,79.151705,30.7,17,751,252,53,3650,14,"21.141544,79.151705",160.113832,58.80482005,636.309167,,175084.3545,5.857904008,4.018522149,48.22226579,16.40791527,15
63,Bhandewadi,"Thursday, December 19, 2024, 12:45:00 PM",21.141548,79.151984,31,40,741,286,54,3089,17,"21.141548,79.151984",179.1199811,59.05824082,530.8146673,,197781.5795,1.267076609,0.869214554,10.43057464,3.549065605,15
64,Bhandewadi,"Thursday, December 19, 2024, 1:00:00 PM",21.141526,79.152265,32,68,759,316,100,4316,11,"21.141526,79.152265",202.0519745,111.656693,757.18928,,230299.603,1.528799555,1.048756495,12.58507794,4.282148279,15
65,Bhandewadi,"Thursday, December 19, 2024, 1:15:00 PM",21.141533,79.152575,35,34,743,494,24,1187,19,"21.141533,79.152575",306.1971931,25.97731393,201.8700915,,381723.9084,6.943014573,4.762907997,57.15489596,19.44729628,15
66,Bhandewadi,"Thursday, December 19, 2024, 1:30:00 PM",21.141523,79.15283,45.2,61,757,804,45,4956,34,"21.141523,79.15283",491.4673695,48.03523265,831.2218334,,791249.1121,12.3513451,8.473022737,101.6762728,34.59596189,15
67,Bhandewadi,"Thursday, December 19, 2024, 1:45:00 PM",21.141494,79.153153,48.2,30,761,1014,33,3751,7,"21.141494,79.153153",617.29381,35.08137862,626.5388936,,1059788.183,8.388429367,5.754462546,69.05355055,23.4958849,15
68,Bhandewadi,"Thursday, December 19, 2024, 2:00:00 PM",21.141501,79.153432,49.5,62,763,1133,23,1173,49,"21.141501,79.153432",688.7639261,24.41614323,195.6525442,,1214383.07,4.764674402,3.26856664,39.22279968,13.34579293,15
69,Bhandewadi,"Thursday, December 19, 2024, 2:15:00 PM",21.141496,79.153717,51.2,19,769,1144,22,886,28,"21.141496,79.153717",697.2460724,23.41485527,148.1633465,,1271557.927,0.56547642,0.387916824,4.655001888,1.583892322,15
70,Bhandewadi,"Thursday, December 19, 2024, 2:30:00 PM",21.141498,79.153993,54.2,40,770,1372,16,736,26,"21.141498,79.153993",829.6217051,16.89486485,122.1098825,,1601620.078,8.825042183,6.053978938,72.64774725,24.71883189,15
71,Bhandewadi,"Thursday, December 19, 2024, 2:45:00 PM",21.142361,79.151145,57.9,47,763,1609,53,3545,24,"21.142361,79.151145",953.3110003,54.8356726,576.2909565,,1966044.214,8.24595301,5.656723765,67.88068518,23.09681042,15
72,Bhandewadi,"Friday, January 3, 2025, 7:30:00 AM",21.141814,79.150875,15,69,745,0,75,1609,6,"21.141814,79.150875",0,87.04729334,293.4190537,,0,-63.55406669,0,0,0,15
73,Bhandewadi,"Friday, January 3, 2025, 7:45:00 AM",21.141191,79.153717,17,34,764,25,32,3007,8,"21.141191,79.153717",16.92226169,37.8248419,558.4686914,,10246.78067,1.12815078,0.773911435,9.286937217,3.15993611,15
74,Bhandewadi,"Friday, January 3, 2025, 8:00:00 AM",21.141234,79.153911,20,71,768,29,51,2153,39,"21.141234,79.153911",19.53066064,59.97881167,397.8413963,,13913.20044,0.173893263,0.119290779,1.431489343,0.487072838,15
75,Bhandewadi,"Friday, January 3, 2025, 8:15:00 AM",21.14126,79.153418,25,55,763,32,42,2265,12,"21.14126,79.153418",21.05170702,48.24978407,408.8392188,,18745.9493,0.101403092,0.069562521,0.834750249,0.284028781,15
76,Bhandewadi,"Friday, January 3, 2025, 8:30:00 AM",9.993935,76.363981,25.5,59,744,41,43,3562,43,"9.993935,76.363981",26.25680554,48.08783574,625.8913518,,23848.56107,0.347006568,0.238046506,2.85655807,0.971961023,15
77,Bhandewadi,"Friday, January 3, 2025, 8:45:00 AM",9.993873,76.363789,27.2,93,744,49,21,4084,12,"9.993873,76.363789",31.2024714,23.35183178,713.5520396,,30229.99046,0.329711058,0.226181786,2.714181427,0.923516516,15
78,Bhandewadi,"Friday, January 3, 2025, 9:00:00 AM",9.993876,76.363857,28.3,45,759,58,16,2815,24,"9.993876,76.363857",37.54067661,18.08434692,499.9188424,,37841.52619,0.422547014,0.289867251,3.478407017,1.183548858,15
79,Bhandewadi,"Friday, January 3, 2025, 9:15:00 AM",9.993876,76.363924,29,45,770,67,69,1188,45,"9.993876,76.363924",43.89252284,78.93572038,213.5399744,,45338.65726,0.423456416,0.290491101,3.485893214,1.186096081,15
80,Bhandewadi,"Friday, January 3, 2025, 9:30:00 AM",9.993876,76.363992,30.7,47,749,71,85,1706,10,"9.993876,76.363992",44.99129982,94.05845963,296.6171263,,49197.95241,0.073251798,0.050250734,0.603008802,0.205177363,15
81,Bhandewadi,"Friday, January 3, 2025, 9:45:00 AM",9.993805,76.36358,31,50,753,75,84,3531,47,"9.993805,76.36358",47.73270356,93.35612157,616.5942808,,52705.73079,0.18276025,0.125373531,1.504482376,0.511909155,15
82,Bhandewadi,"Friday, January 3, 2025, 10:00:00 AM",9.993808,76.363651,32,17,761,123,30,2346,47,"9.993808,76.363651",78.85405083,33.58527407,412.6614591,,89878.14472,2.074756484,1.423282948,17.07939538,5.811366754,15
83,Bhandewadi,"Friday, January 3, 2025, 10:15:00 AM",9.993813,76.363721,35,53,748,150,48,3740,11,"9.993813,76.363721",93.60052817,52.30425524,640.3326507,,116688.0698,0.98309849,0.674405564,8.092866768,2.753646475,15
84,Bhandewadi,"Friday, January 3, 2025, 10:30:00 AM",9.993808,76.363789,35,45,766,191,19,2773,5,"9.993808,76.363789",122.0527529,21.20198671,486.1956695,,152158.331,1.896814982,1.301215077,15.61458093,5.312954848,15
85,Bhandewadi,"Friday, January 3, 2025, 12:30:00 PM",9.993813,76.363851,32,47,750,0,37,3404,29,"9.993813,76.363851",0,40.82309923,590.1087573,,0,-8.136850193,-5.581879232,-66.98255079,-22.7912148,15
86,Bhandewadi,"Friday, January 3, 2025, 12:45:00 PM",9.993808,76.363851,39,87,745,150,94,2467,29,"9.993808,76.363851",92.03050541,100.7110552,415.2949998,,127842.8743,6.135367027,4.208861781,50.50634137,17.18508569,15
87,Bhandewadi,"Friday, January 3, 2025, 1:00:00 AM",9.993811,76.363919,42.2,55,747,192,15,631,45,"9.993811,76.363919",116.9167164,15.9505398,105.4269748,,175739.4136,1.659080733,1.138129383,13.65755259,4.647064215,15
88,Bhandewadi,"Friday, January 3, 2025, 12:30:00 PM",9.993808,76.363981,45,62,755,295,98,4553,40,"9.993808,76.363981",179.9635927,104.3992693,762.0918085,,288454.4748,4.203125086,2.883343809,34.6001257,11.77290037,15
89,Bhandewadi,"Friday, January 3, 2025, 12:30:00 PM",9.993811,76.364049,49.5,28,768,345,96,4401,35,"9.993811,76.364049",211.1039017,102.5786887,738.8827682,,372204.4588,2.076020602,1.424150133,17.0898016,5.814907532,15
90,Bhandewadi,"Friday, January 3, 2025, 12:30:00 PM",9.993748,76.363321,50,75,762,590,42,678,10,"9.993748,76.363321",357.6435831,44.45866943,112.7652077,,636942.9777,9.769312092,6.701748095,80.42097714,27.36372,15
91,Bhandewadi,"Friday, January 3, 2025, 12:30:00 PM",9.99374,76.363388,56.2,34,743,667,66,1395,9,"9.99374,76.363388",386.8161468,66.83923044,221.9729086,,774320.9725,1.944837579,1.334158579,16.00990295,5.447465537,15
92,Bhandewadi,"Friday, January 3, 2025, 12:30:00 PM",9.993743,76.363453,58.9,22,758,792,87,1185,8,"9.993743,76.363453",464.7704599,89.15410265,190.8001407,,975065.8005,5.19695421,3.565110588,42.78132706,14.55660322,15
93,Bhandewadi,"Friday, January 3, 2025, 12:30:00 PM",9.993751,76.363518,64,46,763,998,52,4087,36,"9.993751,76.363518",580.6033399,52.82762387,652.3799886,,1323547.756,7.722191999,5.297423711,63.56908454,21.62976243,15
94,Bhandewadi,"Friday, January 3, 2025, 12:30:00 PM",9.993746,76.363586,65.2,65,752,1195,79,1761,28,"9.993746,76.363586",682.7586006,78.81976043,276.0613675,,1585604.565,6.810350714,4.67190059,56.06280708,19.07570649,15
20,Bhrahmapuram,"Sunday, February 9, 2025, 12:00:00 AM",9.993748,76.363651,33,57,745,556,87,4225,46,"9.993748,76.363651",347.8118826,95.0380728,725.1758646,,408825.9619,211.2601625,144.9244715,1739.093658,591.7370515,15
21,Bhrahmapuram,"Monday, February 10, 2025, 12:00:00 AM",9.993748,76.363721,36,79,765,349,59,3340,24,"9.993748,76.363721",222.0062627,65.5391124,582.9526358,,284674.023,152.4438862,104.5765059,1254.918071,426.9934031,15
22,Bhrahmapuram,"Tuesday, February 11, 2025, 12:00:00 AM",9.993743,76.363789,21,93,743,89,20,1054,18,"9.993743,76.363789",57.7906504,22.67808173,187.7825322,,43227.18843,13.38939787,9.185126936,110.2215232,37.50353461,15
23,Bhrahmapuram,"Wednesday, February 12, 2025, 12:00:00 AM",9.993743,76.363854,35,21,752,509,49,1952,24,"9.993743,76.363854",319.3162831,53.67945625,335.9929006,,398078.9581,307.7581531,211.122093,2533.465116,862.0267065,15
24,Bhrahmapuram,"Thursday, February 13, 2025, 12:00:00 AM",9.993748,76.363919,41,46,753,601,89,3019,29,"9.993748,76.363919",370.3224139,95.76444106,510.4058511,,540809.0713,306.4591573,210.2309819,2522.771783,858.3882357,15
25,Bhrahmapuram,"Friday, February 14, 2025, 12:00:00 AM",9.993751,76.363987,32,17,740,375,34,1674,13,"9.993751,76.363987",233.7745489,37.0129433,286.3310318,,266457.1131,159.7100662,109.5611054,1314.733265,447.3458817,15
26,Bhrahmapuram,"Saturday, February 15, 2025, 12:00:00 AM",9.993746,76.364052,20,27,770,424,86,3129,15,"9.993746,76.364052",286.2953523,101.4041286,579.6969414,,203950.3269,239.5404425,164.3247436,1971.896923,670.9497594,15
27,Bhrahmapuram,"Sunday, February 16, 2025, 12:00:00 AM",9.993675,76.363321,28,56,765,485,38,4057,8,"9.993675,76.363321",316.7144809,43.33297674,726.9059011,,315868.3155,259.4554105,177.9864116,2135.836939,726.7313335,15
28,Bhrahmapuram,"Monday, February 17, 2025, 12:00:00 AM",9.99368,76.363386,42,62,744,426,44,3567,22,"9.99368,76.363386",258.531126,46.62991889,593.9547401,,386760.6134,195.1882298,133.8991257,1606.789508,546.7197708,15
29,Bhrahmapuram,"Tuesday, February 18, 2025, 12:00:00 AM",9.993621,76.363321,21,91,757,226,12,2756,14,"9.993621,76.363321",149.51442,13.8632365,500.2658521,,111836.222,97.8081948,67.09642164,805.1570596,273.9595205,15
30,Bhrahmapuram,"Wednesday, February 19, 2025, 12:00:00 AM",9.993623,76.363394,40,80,770,216,84,1992,38,"9.993623,76.363394",136.5336419,92.72011351,345.4794841,,194526.9504,106.6307579,73.14869993,877.7843992,298.6714085,15
31,Bhrahmapuram,"Thursday, February 20, 2025, 12:00:00 AM",9.993623,76.363451,20,97,749,691,73,2673,40,"9.993623,76.363451",453.8554774,83.72808123,481.709817,,323316.3662,426.548749,292.6124418,3511.349302,1194.757668,15
32,Bhrahmapuram,"Friday, February 21, 2025, 12:00:00 AM",9.993618,76.363518,33,58,762,225,69,839,8,"9.993618,76.363518",143.9629841,77.09499023,147.2913652,,169217.3511,53.19188862,36.4896356,437.8756272,148.9898094,15
33,Bhrahmapuram,"Saturday, February 22, 2025, 12:00:00 AM",9.993623,76.363581,31,87,749,650,49,4161,34,"9.993623,76.363581",411.4859093,54.16845345,722.7470569,,454356.5301,382.6933125,262.5276124,3150.331349,1071.919143,15
34,Bhrahmapuram,"Sunday, February 23, 2025, 12:00:00 AM",9.993623,76.363656,37,85,750,766,19,4040,19,"9.993623,76.363656",476.1742014,20.6252603,689.0733632,,627549.0817,393.8770195,270.1996354,3242.395625,1103.244566,15
35,Bhrahmapuram,"Monday, February 24, 2025, 12:00:00 AM",9.993618,76.363716,33,52,746,210,59,4927,44,"9.993618,76.363716",131.54413,64.53761839,846.8017466,,154619.9488,36.30928973,24.90817275,298.898073,101.7018627,15
36,Bhrahmapuram,"Tuesday, February 25, 2025, 12:00:00 AM",9.993623,76.363781,29,40,747,714,11,1395,41,"9.993623,76.363781",453.7784105,12.20807104,243.257831,,468729.125,427.4695845,293.244135,3518.92962,1197.336917,15
37,Bhrahmapuram,"Wednesday, February 26, 2025, 12:00:00 AM",9.993621,76.363849,29,35,743,463,71,3559,15,"9.993621,76.363849",292.6811958,78.37560808,617.2894042,,302324.2129,201.9255137,138.5209024,1662.250829,565.590818,15
38,Bhrahmapuram,"Thursday, February 27, 2025, 12:00:00 AM",9.993621,76.363916,22,36,741,157,75,3061,20,"9.993621,76.363916",101.3264174,84.52653051,542.0425368,,79400.91012,42.7901782,29.35406224,352.2487469,119.8547496,15
39,Bhrahmapuram,"Friday, February 28, 2025, 12:00:00 AM",9.993621,76.363989,23,71,756,768,82,1753,30,"9.993621,76.363989",503.986488,93.96806206,315.6360456,,412882.8476,483.7212046,331.8327463,3981.992956,1354.896995,15
40,Bhrahmapuram,"Saturday, March 1, 2025, 12:00:00 AM",9.993623,76.364054,32,46,743,71,14,4488,32,"9.993623,76.364054",44.44075236,15.30241002,770.7666355,,50653.73726,-56.35654525,-38.66059004,-463.9270805,-157.8539727,15
41,Bhrahmapuram,"Sunday, March 2, 2025, 12:00:00 AM",9.993623,76.364117,29,95,748,475,48,4924,23,"9.993623,76.364117",302.2875241,53.34289675,859.7885609,,312247.0425,293.3993736,201.2719703,2415.263643,821.8079463,15
42,Bhrahmapuram,"Monday, March 3, 2025, 12:00:00 AM",9.993561,76.363313,34,83,767,750,33,4830,26,"9.993561,76.363313",481.452806,36.99262446,850.7199045,,583059.3331,420.9953012,288.8027766,3465.63332,1179.202531,15
43,Bhrahmapuram,"Tuesday, March 4, 2025, 12:00:00 AM",9.993553,76.363381,22,57,748,298,24,3314,29,"9.993553,76.363381",194.1434259,27.30400856,592.387565,,152133.719,97.85286465,67.12706515,805.5247818,274.0846402,15
44,Bhrahmapuram,"Wednesday, March 5, 2025, 12:00:00 AM",9.993556,76.363456,41,87,761,176,27,3548,50,"9.993556,76.363456",109.5993239,29.36078861,606.2138063,,160055.9576,70.77063873,48.54865817,582.583898,198.2276668,15
45,Bhrahmapuram,"Thursday, March 6, 2025, 12:00:00 AM",9.993553,76.363518,28,24,759,260,25,1853,41,"9.993553,76.363518",168.4534349,28.28494095,329.4040594,,168003.3782,146.5335701,100.5220291,1206.264349,410.4386823,15
46,Bhrahmapuram,"Friday, March 7, 2025, 12:00:00 AM",9.993556,76.363581,28,62,740,489,10,2966,21,"9.993556,76.363581",308.8910507,11.03075431,514.0609543,,308065.7871,275.2003637,188.7874495,2265.449394,770.832749,15
47,Bhrahmapuram,"Saturday, March 8, 2025, 12:00:00 AM",9.993561,76.363656,36,63,765,162,95,3044,14,"9.993561,76.363656",103.0516176,105.5290793,531.2897675,,132140.9505,41.2734075,28.31355754,339.7626905,115.606294,15
48,Bhrahmapuram,"Sunday, March 9, 2025, 12:00:00 AM",9.993558,76.363721,33,44,769,299,66,784,27,"9.993558,76.363721",193.0682584,74.42046358,138.9001638,,226936.8023,172.4579348,118.3061433,1419.67372,483.0525011,15
49,Bhrahmapuram,"Monday, March 10, 2025, 12:00:00 AM",9.993556,76.363789,36,73,759,248,83,2607,43,"9.993556,76.363789",156.520714,91.4759602,451.4484595,,200703.2631,117.9070624,80.88424478,970.6109373,330.2561951,15
50,Bhrahmapuram,"Tuesday, March 11, 2025, 12:00:00 AM",9.993558,76.363857,40,76,768,555,35,1003,43,"9.993558,76.363857",349.9043984,38.53303419,173.5019484,,498527.9422,318.6002555,218.5597753,2622.717304,892.3952989,15
51,Bhrahmapuram,"Wednesday, March 12, 2025, 12:00:00 AM",9.993561,76.363919,23,81,741,797,58,1136,15,"9.993561,76.363919",512.6399019,65.14646037,200.4838628,,419972.0181,442.6590222,303.6640892,3643.969071,1239.88234,15
52,Bhrahmapuram,"Thursday, March 13, 2025, 12:00:00 AM",9.993556,76.364054,25,51,752,610,74,2805,39,"9.993556,76.364054",395.5127393,83.78593222,499.011451,,352192.9007,292.9847589,200.9875446,2411.850535,820.6466157,15
53,Bhrahmapuram,"Friday, March 14, 2025, 12:00:00 AM",9.993558,76.364122,30,59,744,388,68,3106,24,"9.993558,76.364122",244.790581,74.91704435,537.6645879,,261574.9013,165.6880332,113.6619907,1363.943889,464.0900919,15
54,Bhrahmapuram,"Saturday, March 15, 2025, 12:00:00 AM",9.993498,76.363394,39,30,760,624,10,3352,33,"9.993498,76.363394",390.5552294,10.929659,575.6372399,,542534.2703,341.5971132,234.3356197,2812.027436,956.8092072,15
55,Bhrahmapuram,"Sunday, March 16, 2025, 12:00:00 AM",9.993498,76.363453,41,86,755,401,24,992,20,"9.993498,76.363453",247.7432752,25.8927089,168.1574755,,361797.735,169.6322293,116.3677093,1396.412512,475.1377356,15
56,Bhrahmapuram,"Monday, March 17, 2025, 12:00:00 AM",9.993496,76.363521,24,28,768,232,65,2246,33,"9.993496,76.363521",154.1420338,75.41455999,409.4396116,,131768.7539,104.5933787,71.75105782,861.0126938,292.9647352,15
57,Bhrahmapuram,"Tuesday, March 18, 2025, 12:00:00 AM",9.993491,76.363648,37,66,740,315,80,2520,10,"9.993491,76.363648",193.2048848,85.68529192,424.0871313,,254624.3533,162.3764781,111.390264,1336.683168,454.8144679,15
58,Bhrahmapuram,"Wednesday, March 19, 2025, 12:00:00 AM",9.993493,76.363721,21,51,768,649,62,1480,44,"9.993493,76.363721",435.596798,72.66753295,272.5515787,,325824.7612,396.955821,272.3116932,3267.740319,1111.86825,15
59,Bhrahmapuram,"Thursday, March 20, 2025, 12:00:00 AM",9.993498,76.363857,37,38,750,190,11,1229,13,"9.993498,76.363857",118.1110943,11.94094017,209.6215751,,155658.3884,30.99173474,21.26033003,255.1239603,86.80745825,15
60,Bhrahmapuram,"Friday, March 21, 2025, 12:00:00 AM",9.993496,76.363924,36,55,754,770,52,4562,32,"9.993496,76.363924",482.770178,56.93270231,784.787352,,619046.1797,459.1479592,314.9755,3779.706,1286.067645,15
61,Bhrahmapuram,"Saturday, March 22, 2025, 12:00:00 AM",9.993493,76.364054,45,65,742,181,19,2522,5,"9.993493,76.364054",108.517097,19.89215974,414.8696635,,173936.5266,11.96306138,8.206660104,98.47992124,33.50838408,15
62,Bhrahmapuram,"Sunday, March 23, 2025, 12:00:00 AM",9.993431,76.363386,37,39,753,422,49,937,36,"9.993431,76.363386",263.3802807,53.40422662,160.4565318,,347108.3751,241.6768613,165.7903269,1989.483922,676.9338415,15
63,Bhrahmapuram,"Monday, March 24, 2025, 12:00:00 AM",9.993426,76.363516,24,91,745,783,62,4856,43,"9.993426,76.363516",504.6495784,69.77961791,858.7244636,,431401.1205,451.9735222,310.0538363,3720.646035,1265.972137,15
64,Bhrahmapuram,"Tuesday, March 25, 2025, 12:00:00 AM",9.993371,76.363648,22,81,742,96,36,808,36,"9.993371,76.363648",62.041168,40.62748867,143.2739049,,48616.39572,-38.88874768,-26.67768091,-320.1321709,-108.9268919,15
65,Bhrahmapuram,"Wednesday, March 26, 2025, 12:00:00 AM",9.993366,76.363721,38,49,752,441,89,2912,49,"9.993366,76.363721",273.9897015,96.55936506,496.4025743,,370849.7138,261.5814679,179.444887,2153.338644,732.6863937,15
66,Bhrahmapuram,"Thursday, March 27, 2025, 12:00:00 AM",9.993368,76.363854,22,87,745,541,86,2462,29,"9.993368,76.363854",351.0414218,97.44696014,438.3249106,,275081.3569,296.2434815,203.2230283,2438.676339,829.7742565,15
67,Bhrahmapuram,"Friday, March 28, 2025, 12:00:00 AM",9.993366,76.363987,25,31,762,467,61,1084,7,"9.993366,76.363987",306.8206974,69.98522321,195.4087736,,273215.1475,236.6124131,162.3161154,1947.793384,662.7483858,15
68,Bhrahmapuram,"Saturday, March 29, 2025, 12:00:00 AM",9.993371,76.364125,34,15,766,285,37,1376,5,"9.993371,76.364125",182.7135369,41.42250256,242.0423178,,221273.6775,121.3493974,83.24568661,998.9482393,339.8981321,15
69,Bhrahmapuram,"Sunday, March 30, 2025, 12:00:00 AM",9.993308,76.363456,22,99,762,193,40,1568,24,"9.993308,76.363456",128.090555,46.35841026,285.5307337,,100373.6924,91.54784761,62.80182346,753.6218815,256.4243669,15
70,Bhrahmapuram,"Monday, March 31, 2025, 12:00:00 AM",9.993303,76.363589,37,94,754,28,75,2791,42,"9.993303,76.363589",17.49867666,81.84971719,478.5794167,,23061.47296,-8.11943434,-5.569931957,-66.83918349,-22.74243322,15
71,Bhrahmapuram,"Tuesday, April 1, 2025, 12:00:00 AM",9.993238,76.363456,28,65,761,393,99,504,19,"9.993238,76.363456",255.2947913,112.3035134,89.83114698,,254612.7208,251.795056,172.7314084,2072.776901,705.2747772,15
72,Bhrahmapuram,"Wednesday, April 2, 2025, 12:00:00 AM",9.993243,76.363586,29,29,764,295,64,4385,21,"9.993243,76.363586",191.7522155,72.64522838,782.050822,,198069.9084,140.6932572,96.51557447,1158.186894,394.0800397,15
73,Bhrahmapuram,"Thursday, April 3, 2025, 12:00:00 AM",9.993243,76.363724,44,32,757,440,66,2087,48,"9.993243,76.363724",269.9799141,70.71824246,351.3566939,,423120.6718,231.629471,158.8978171,1906.773805,648.7912278,15
74,Bhrahmapuram,"Friday, April 4, 2025, 12:00:00 AM",9.993241,76.363857,28,33,769,675,82,4919,39,"9.993241,76.363857",443.09297,93.99693316,885.9616311,,441909.1595,389.0969872,266.9205332,3203.046398,1089.855755,15
75,Bhrahmapuram,"Saturday, April 5, 2025, 12:00:00 AM",9.993241,76.364054,32,90,749,295,12,3525,16,"9.993241,76.364054",186.139299,13.22227084,610.2702286,,212162.2754,97.52070496,66.8992036,802.7904432,273.1542651,15
1,"Bhalswa Landfill site, Delhi","Tuesday, January 21, 2025, 12:00:00 AM",28.743604,77.15471,28,69,746,757,30,2603,20,"28.743604,77.15471",482.0581769,33.36057858,454.8044939,,480770.2632,444.8303172,305.1535976,3661.843171,1245.96411,15
2,"Bhalswa Landfill site, Delhi","Wednesday, January 22, 2025, 12:00:00 AM",28.743612,77.155149,34,69,756,394,67,1021,41,"28.743612,77.155149",249.2958863,74.02909462,177.2522012,,301907.6666,152.8842509,104.8785962,1258.543154,428.2268593,15
3,"Bhalswa Landfill site, Delhi","Thursday, January 23, 2025, 12:00:00 AM",28.74358,77.155589,38,20,769,636,29,2464,12,"28.74358,77.155589",404.074333,32.17443223,429.5283732,,546921.4714,354.2151557,242.9915968,2915.899162,992.1521851,15
4,"Bhalswa Landfill site, Delhi","Friday, January 24, 2025, 12:00:00 AM",28.743555,77.156004,20,20,764,766,12,2013,33,"28.743555,77.156004",513.1919605,14.03915812,370.0341906,,365586.3333,432.3770939,296.6106864,3559.328237,1211.082789,15
5,"Bhalswa Landfill site, Delhi","Saturday, January 25, 2025, 12:00:00 AM",28.74358,77.156452,40,50,741,570,48,2022,6,"28.74358,77.156452",346.7274792,50.98746131,337.4749661,,494001.6116,244.0890871,167.4451137,2009.341365,683.6904555,15
6,"Bhalswa Landfill site, Delhi","Sunday, January 26, 2025, 12:00:00 AM",28.743555,77.156892,36,89,769,564,60,3274,22,"28.743555,77.156892",360.648232,66.99844125,574.4210985,,462451.7429,291.3027362,199.833677,2398.004124,815.9352912,15
7,"Bhalswa Landfill site, Delhi","Monday, January 27, 2025, 12:00:00 AM",28.743311,77.154693,43,15,750,297,90,4962,5,"28.743311,77.154693",181.1223903,95.84444483,830.2702111,,277409.1036,108.9927439,74.76902235,897.2282682,305.2873016,15
8,"Bhalswa Landfill site, Delhi","Tuesday, January 28, 2025, 12:00:00 AM",28.743303,77.155109,23,51,752,692,74,3526,22,"28.743303,77.155109",451.7101118,84.35176664,631.5140696,,370056.2648,415.4856337,285.0231447,3420.277737,1163.770022,15
9,"Bhalswa Landfill site, Delhi","Wednesday, January 29, 2025, 12:00:00 AM",28.743303,77.155556,32,69,743,243,68,1420,32,"28.743303,77.155556",152.1000398,74.32599154,243.8700139,,173364.1993,61.75801741,42.36599994,508.3919993,172.9834281,15
10,"Bhalswa Landfill site, Delhi","Thursday, January 30, 2025, 12:00:00 AM",28.743295,77.156013,28,33,770,590,15,2070,14,"28.743295,77.156013",387.7997135,17.21692058,373.3127494,,386763.6298,357.3797055,245.162478,2941.949736,1001.016049,15
11,"Bhalswa Landfill site, Delhi","Friday, January 31, 2025, 12:00:00 AM",28.743286,77.156444,23,40,763,736,37,4337,11,"28.743286,77.156444",487.4591534,42.79281778,788.1281547,,399343.0938,409.8992107,281.1908585,3374.290302,1148.122521,15
12,"Bhalswa Landfill site, Delhi","Saturday, February 1, 2025, 12:00:00 AM",28.743278,77.156884,27,91,746,107,83,4315,10,"28.743278,77.156884",68.36469365,92.60510566,756.4424612,,65746.97085,-29.12713702,-19.981216,-239.774592,-81.58474357,15
13,"Bhalswa Landfill site, Delhi","Sunday, February 2, 2025, 12:00:00 AM",28.743018,77.154677,28,17,770,95,17,1528,42,"28.743018,77.154677",62.44232674,19.51250999,275.5661262,,62275.49971,48.76938801,33.45580018,401.4696021,136.6024409,15
14,"Bhalswa Landfill site, Delhi","Monday, February 3, 2025, 12:00:00 AM",28.743018,77.155133,26,12,753,222,46,4360,24,"28.743018,77.155133",143.6503069,51.97807125,774.0821937,,133033.194,131.1618415,89.97702327,1079.724279,367.3826644,15
15,"Bhalswa Landfill site, Delhi","Tuesday, February 4, 2025, 12:00:00 AM",28.743009,77.155565,20,32,741,409,96,4525,5,"28.743009,77.155565",265.765885,108.9321065,806.7547148,,189325.5992,237.0358236,162.606575,1951.2789,663.9343534,15
16,"Bhalswa Landfill site, Delhi","Wednesday, February 5, 2025, 12:00:00 AM",28.743018,77.155996,39,79,749,597,97,1560,32,"28.743018,77.155996",368.2480231,104.4832257,264.0205284,,511546.5304,315.0948461,216.1550645,2593.860773,882.5766913,15
17,"Bhalswa Landfill site, Delhi","Thursday, February 6, 2025, 12:00:00 AM",28.742985,77.156452,44,12,766,693,15,1176,27,"28.742985,77.156452",430.273801,16.26341231,200.3392275,,674338.0905,356.6241964,244.6441987,2935.730384,998.8998777,15
18,"Bhalswa Landfill site, Delhi","Friday, February 7, 2025, 12:00:00 AM",28.743001,77.156859,25,22,769,145,11,3107,49,"28.743001,77.156859",96.14066967,12.73622054,565.2328558,,85610.5454,10.08590948,6.9189339,83.0272068,28.25050528,15
19,"Bhalswa Landfill site, Delhi","Saturday, February 8, 2025, 12:00:00 AM",28.742749,77.154693,41,77,743,303,83,4642,33,"28.742749,77.154693",184.222212,88.12237665,774.3753232,,269033.2523,164.9940781,113.1859376,1358.231251,462.1463325,15
20,"Bhalswa Landfill site, Delhi","Sunday, February 9, 2025, 12:00:00 AM",28.742733,77.1551,28,92,756,634,80,4851,32,"28.742733,77.1551",409.1436361,90.15405686,858.9439435,,408050.5279,372.2991937,255.3972468,3064.766962,1042.805347,15
21,"Bhalswa Landfill site, Delhi","Monday, February 10, 2025, 12:00:00 AM",28.742733,77.155565,30,40,757,583,92,1067,39,"28.742733,77.155565",374.2436811,103.1294006,187.930533,,399904.0876,292.4149539,200.5966584,2407.1599,819.050599,15
22,"Bhalswa Landfill site, Delhi","Tuesday, February 11, 2025, 12:00:00 AM",28.742733,77.155972,40,97,742,223,42,1187,12,"28.742733,77.155972",135.8325853,44.67423651,198.3795165,,193528.1167,60.98384913,41.8349205,502.019046,170.8149925,15
23,"Bhalswa Landfill site, Delhi","Wednesday, February 12, 2025, 12:00:00 AM",28.742708,77.156444,36,61,745,315,42,882,35,"28.742708,77.156444",195.1395011,45.43522381,149.9167733,,250223.3322,167.972984,115.229467,1382.753604,470.4902104,15
24,"Bhalswa Landfill site, Delhi","Thursday, February 13, 2025, 12:00:00 AM",28.742716,77.156868,41,93,747,799,95,4949,29,"28.742716,77.156868",488.40256,101.4059651,830.0334808,,713250.1975,449.3746597,308.2710166,3699.252199,1258.692756,15
25,"Bhalswa Landfill site, Delhi","Friday, February 14, 2025, 12:00:00 AM",28.742724,77.157283,37,54,745,60,60,3647,30,"28.742724,77.157283",37.04958538,64.69818494,617.8952686,,48827.57868,-60.63092661,-41.59281565,-499.1137879,-169.826461,15
26,"Bhalswa Landfill site, Delhi","Saturday, February 15, 2025, 12:00:00 AM",28.74248,77.154685,21,45,758,684,42,3476,36,"28.74248,77.154685",453.1104404,48.58542463,631.7928982,,338924.8997,445.7005234,305.750559,3669.006708,1248.401547,15
27,"Bhalswa Landfill site, Delhi","Sunday, February 16, 2025, 12:00:00 AM",28.742456,77.155117,40,71,762,680,14,764,42,"28.742456,77.155117",425.3623852,15.29279794,131.1265193,,606037.0648,334.7402971,229.6318438,2755.582125,937.6033517,15
28,"Bhalswa Landfill site, Delhi","Monday, February 17, 2025, 12:00:00 AM",28.742448,77.155548,43,64,766,327,22,2277,10,"28.742448,77.155548",203.671823,23.9284531,389.1286732,,311946.0699,118.599346,81.35915135,976.3098162,332.1952728,15
29,"Bhalswa Landfill site, Delhi","Tuesday, February 18, 2025, 12:00:00 AM",28.742456,77.156004,36,27,755,215,94,4857,8,"28.742456,77.156004",134.9782444,103.0533025,836.6434656,,173079.8014,94.24387982,64.65130156,775.8156187,263.9759192,15
30,"Bhalswa Landfill site, Delhi","Wednesday, February 19, 2025, 12:00:00 AM",28.742448,77.156436,31,89,756,306,87,2731,28,"28.742448,77.156436",195.5253247,97.07548896,478.795758,,215896.1122,168.5296758,115.6113576,1387.336291,472.0494971,15
31,"Bhalswa Landfill site, Delhi","Thursday, February 20, 2025, 12:00:00 AM",28.742431,77.156868,27,88,765,456,35,4661,24,"28.742431,77.156868",298.7690077,40.04492561,837.9089119,,287328.9734,259.6639428,178.1294647,2137.553577,727.3154298,15
32,"Bhalswa Landfill site, Delhi","Friday, February 21, 2025, 12:00:00 AM",28.742431,77.157316,41,99,745,412,79,2327,41,"28.742431,77.157316",251.1678449,84.1012904,389.2334997,,366798.8862,191.4140434,131.3100338,1575.720405,536.1483222,15
33,"Bhalswa Landfill site, Delhi","Saturday, February 22, 2025, 12:00:00 AM",28.742415,77.157731,23,40,758,287,88,2361,17,"28.742415,77.157731",188.8369511,101.1105564,426.2339854,,154701.6437,138.6033822,95.08192016,1140.983042,388.2263259,15
34,"Bhalswa Landfill site, Delhi","Sunday, February 23, 2025, 12:00:00 AM",28.742407,77.158154,22,66,767,447,40,4076,50,"28.742407,77.158154",298.6123148,46.6625993,747.104532,,233997.1173,260.8449245,178.9396182,2147.275419,730.6233449,15
35,"Bhalswa Landfill site, Delhi","Monday, February 24, 2025, 12:00:00 AM",28.742195,77.154669,27,62,749,181,54,2534,48,"28.742195,77.158154",116.1100092,60.49139351,446.0101064,,111664.0912,56.38754623,38.68185672,464.1822806,157.9408061,15
36,"Bhalswa Landfill site, Delhi","Tuesday, February 25, 2025, 12:00:00 AM",28.742179,77.1551,20,20,767,664,24,2877,45,"28.742179,77.1551",446.6025098,28.18857141,530.9332773,,318149.5163,423.3805079,290.4390284,3485.268341,1185.883465,15
37,"Bhalswa Landfill site, Delhi","Wednesday, February 26, 2025, 12:00:00 AM",28.742146,77.155565,29,30,746,90,28,720,29,"28.742146,77.155565",57.12238774,31.03349007,125.3843533,,59004.40877,-32.19811421,-22.08790635,-265.0548762,-90.18651195,15
38,"Bhalswa Landfill site, Delhi","Thursday, February 27, 2025, 12:00:00 AM",28.742163,77.155996,43,11,748,745,20,3626,29,"28.742163,77.155996",453.1190269,21.24196881,605.1051241,,694002.2314,441.6945494,303.0024609,3636.02953,1237.180864,15
39,"Bhalswa Landfill site, Delhi","Friday, February 28, 2025, 12:00:00 AM",28.742171,77.15642,40,74,751,439,97,2122,18,"28.742171,77.15642",270.6447804,104.4276764,358.944679,,385602.4276,180.020975,123.4943888,1481.932666,504.2364813,15
40,"Bhalswa Landfill site, Delhi","Saturday, March 1, 2025, 12:00:00 AM",28.742138,77.156851,33,21,755,772,71,963,34,"28.742138,77.156851",489.4153684,78.60087777,167.5072444,,575269.9053,435.2864123,298.6064788,3583.277746,1219.231753,15
41,"Bhalswa Landfill site, Delhi","Sunday, March 2, 2025, 12:00:00 AM",28.742146,77.157275,25,36,751,74,91,2838,25,"28.742146,77.157275",47.91643044,102.8970384,504.2107881,,42668.22519,-49.96664324,-34.27711726,-411.3254071,-139.9559377,15
42,"Bhalswa Landfill site, Delhi","Monday, March 3, 2025, 12:00:00 AM",28.742122,77.157747,28,44,762,381,20,4832,27,"28.742122,77.157747",247.8247599,22.71739131,862.3700172,,247162.647,238.2414738,163.433651,1961.203812,667.3113643,15
43,"Bhalswa Landfill site, Delhi","Tuesday, March 4, 2025, 12:00:00 AM",28.742146,77.158162,23,83,767,32,94,2358,30,"28.742146,77.158162",21.30498437,109.2868328,430.7467872,,17453.76676,-28.25996761,-19.38633778,-232.6360534,-79.15581297,15
44,"Bhalswa Landfill site, Delhi","Wednesday, March 5, 2025, 12:00:00 AM",28.742106,77.15861,29,23,756,413,29,3499,39,"28.742106,77.15861",265.6420745,32.57268461,617.5011327,,274394.2291,261.3810776,179.3074192,2151.689031,732.1251029,15
45,"Bhalswa Landfill site, Delhi","Thursday, March 6, 2025, 12:00:00 AM",28.741894,77.154677,36,57,770,222,19,2862,11,"28.741894,77.154677",142.1418827,21.24376237,502.7889482,,182265.5861,89.01346776,61.06323888,732.7588666,249.3256009,15
46,"Bhalswa Landfill site, Delhi","Friday, March 7, 2025, 12:00:00 AM",28.741886,77.155117,35,54,745,194,57,4618,17,"28.741886,77.155117",120.5711616,61.8621936,787.4856497,,150311.2899,92.14278512,63.20995059,758.5194071,258.0907794,15
47,"Bhalswa Landfill site, Delhi","Saturday, March 8, 2025, 12:00:00 AM",28.741878,77.155548,35,30,760,569,22,3642,29,"28.741878,77.155548",360.7541212,24.35737377,633.5574189,,449737.869,336.6398889,230.9349638,2771.219566,942.9240845,15
48,"Bhalswa Landfill site, Delhi","Sunday, March 9, 2025, 12:00:00 AM",28.741886,77.155996,25,65,764,538,20,1793,5,"28.741886,77.155996",354.3956929,23.00620048,324.0659888,,315579.3345,282.2448687,193.6199799,2323.439759,790.5643186,15
49,"Bhalswa Landfill site, Delhi","Monday, March 10, 2025, 12:00:00 AM",28.741886,77.15642,30,44,747,11,30,2662,14,"28.741886,77.15642",6.967922778,33.18490994,462.6639907,,7445.685636,-63.9112158,-43.84309404,-526.1171285,-179.0145097,15
50,"Bhalswa Landfill site, Delhi","Tuesday, March 11, 2025, 12:00:00 AM",28.741869,77.156851,41,39,757,653,60,4681,32,"28.741869,77.156851",404.5010109,64.90324713,795.5950561,,590722.5915,403.1074263,276.5316944,3318.380333,1129.098819,15
51,"Bhalswa Landfill site, Delhi","Wednesday, March 12, 2025, 12:00:00 AM",28.741861,77.157283,22,50,760,215,59,1672,35,"28.741861,77.157283",142.3170324,68.19918359,303.6698654,,111521.7748,61.41683021,42.13194552,505.5833463,172.0277671,15
52,"Bhalswa Landfill site, Delhi","Thursday, March 13, 2025, 12:00:00 AM",28.741837,77.157723,33,23,759,259,33,1935,30,"28.741837,77.157723",165.0649599,36.72635361,338.3631821,,194021.0912,136.6015534,93.70866566,1124.503988,382.6192289,15
53,"Bhalswa Landfill site, Delhi","Friday, March 14, 2025, 12:00:00 AM",28.741861,77.158162,25,93,742,740,72,3373,49,"28.741861,77.158162",473.4219892,80.43738576,592.0795375,,421568.8827,440.4089972,302.1205721,3625.446865,1233.580048,15
54,"Bhalswa Landfill site, Delhi","Saturday, March 15, 2025, 12:00:00 AM",28.741829,77.158594,29,88,769,579,53,1648,6,"28.741829,77.158594",378.8174004,60.55304264,295.8390967,,391298.3618,284.1330026,194.9152398,2338.982877,795.8529579,15
55,"Bhalswa Landfill site, Delhi","Sunday, March 16, 2025, 12:00:00 AM",28.741829,77.159042,26,97,768,176,16,1901,17,"28.741829,77.159042",116.153552,18.43947513,344.2301839,,107568.7088,40.39007193,27.70758934,332.4910721,113.1320822,15
56,"Bhalswa Landfill site, Delhi","Monday, March 17, 2025, 12:00:00 AM",28.741617,77.154644,31,73,747,456,58,4157,7,"28.741617,77.154644",287.9023688,63.94655225,720.1242314,,317897.4501,264.6716584,181.5647577,2178.777092,741.3419783,15
57,"Bhalswa Landfill site, Delhi","Tuesday, March 18, 2025, 12:00:00 AM",28.741592,77.155084,34,67,744,619,53,4950,31,"28.741592,77.155084",385.4434585,57.63079956,845.7114957,,466788.0279,327.8629847,224.9140075,2698.96809,918.3400864,15
58,"Bhalswa Landfill site, Delhi","Wednesday, March 19, 2025, 12:00:00 AM",28.741609,77.15554,34,66,761,37,64,1826,49,"28.741609,77.15554",23.5658699,71.1820466,319.1020024,,28539.24666,-53.52282179,-36.71665575,-440.599869,-149.916749,15
59,"Bhalswa Landfill site, Delhi","Thursday, March 20, 2025, 12:00:00 AM",28.741592,77.155988,25,80,745,253,38,3292,48,"28.741592,77.155988",162.5135566,42.62470783,580.197569,,144713.7227,157.8003826,108.2510624,1299.012749,441.996882,15
60,"Bhalswa Landfill site, Delhi","Friday, March 21, 2025, 12:00:00 AM",28.741609,77.156428,33,90,759,768,28,1290,8,"28.741609,77.156428",489.4590317,31.16175458,225.5754548,,575321.2281,456.9563204,313.4720358,3761.664429,1279.928892,15
61,"Bhalswa Landfill site, Delhi","Saturday, March 22, 2025, 12:00:00 AM",28.741584,77.156843,21,34,744,149,15,1096,43,"28.741584,77.156843",96.88085564,17.03145304,195.5281342,,72466.51445,-1.010950702,-0.693512182,-8.322146182,-2.831660171,15
62,"Bhalswa Landfill site, Delhi","Sunday, March 23, 2025, 12:00:00 AM",28.741576,77.157275,23,58,740,369,39,4891,21,"28.741576,77.157275",237.0248953,43.74626195,862.009922,,194178.8442,217.6487242,149.3070248,1791.684298,609.6313324,15
63,"Bhalswa Landfill site, Delhi","Monday, March 24, 2025, 12:00:00 AM",28.741568,77.157731,33,95,766,654,89,1957,21,"28.741568,77.157731",420.6490077,99.96336612,345.3662943,,494440.3679,373.2440286,256.0454036,3072.544843,1045.451818,15
64,"Bhalswa Landfill site, Delhi","Tuesday, March 25, 2025, 12:00:00 AM",28.741568,77.15813,23,49,760,407,64,2842,8,"28.741568,77.15813",268.4997459,73.72897372,514.4232017,,219964.1108,184.3699444,126.4777819,1517.733382,516.4178897,15
65,"Bhalswa Landfill site, Delhi","Wednesday, March 26, 2025, 12:00:00 AM",28.74156,77.158594,36,94,741,442,15,4922,17,"28.74156,77.158594",272.3446454,16.13974154,832.1185156,,349221.8865,218.6446963,149.9902616,1799.88314,612.4210375,15
66,"Bhalswa Landfill site, Delhi","Thursday, March 27, 2025, 12:00:00 AM",28.741535,77.159018,43,28,769,493,57,2182,36,"28.741535,77.159018",308.2674625,62.23925259,374.3540354,,472145.9354,253.7985334,174.1057939,2089.269527,710.8864921,15
67,"Bhalswa Landfill site, Delhi","Friday, March 28, 2025, 12:00:00 AM",28.74134,77.155084,34,17,751,124,70,1896,18,"28.74134,77.155084",77.93969771,76.83229693,326.9808884,,94388.20919,16.28620522,11.17233678,134.0680414,45.61745549,15
68,"Bhalswa Landfill site, Delhi","Saturday, March 29, 2025, 12:00:00 AM",28.741299,77.15554,24,61,745,412,51,3014,43,"28.741299,77.15554",265.5371983,57.39936312,532.9891955,,226995.2256,249.9492588,171.4651915,2057.582298,700.1047225,15
69,"Bhalswa Landfill site, Delhi","Sunday, March 30, 2025, 12:00:00 AM",28.741332,77.155939,35,56,747,311,29,3104,49,"28.741332,77.155939",193.8056498,31.5582409,530.7313739,,241609.8245,140.6982101,96.51897213,1158.227666,394.0939126,15
70,"Bhalswa Landfill site, Delhi","Monday, March 31, 2025, 12:00:00 AM",28.741307,77.15642,22,17,765,255,64,1709,22,"28.741307,77.15642",169.9051107,74.46547789,312.4318709,,133140.2094,131.1439808,89.96477081,1079.57725,367.3326367,15
71,"Bhalswa Landfill site, Delhi","Tuesday, April 1, 2025, 12:00:00 AM",28.741291,77.156835,20,59,746,495,89,2976,6,"28.741291,77.156835",323.8185639,101.6705786,534.1662872,,230681.0133,289.8375418,198.8285537,2385.942644,811.8313002,15
72,"Bhalswa Landfill site, Delhi","Wednesday, April 2, 2025, 12:00:00 AM",28.741291,77.157267,44,71,761,356,98,4180,15,"28.741291,77.157267",219.5925255,105.5607279,707.4420035,,344152.0353,154.8288127,106.2125655,1274.550787,433.6735524,15
73,"Bhalswa Landfill site, Delhi","Thursday, April 3, 2025, 12:00:00 AM",28.741299,77.157706,44,63,759,773,51,2880,18,"28.741299,77.157706",475.558741,54.79028957,486.1431459,,745310.0156,431.6402359,296.1052018,3553.262422,1209.018859,15
74,"Bhalswa Landfill site, Delhi","Friday, April 4, 2025, 12:00:00 AM",28.741283,77.158138,21,79,752,168,75,4488,38,"28.741283,77.158138",110.4093579,86.0729347,809.2756165,,82585.78308,15.29760969,10.49416025,125.9299229,42.84841186,15
75,"Bhalswa Landfill site, Delhi","Saturday, April 5, 2025, 12:00:00 AM",28.741283,77.158602,20,27,770,707,31,1483,6,"28.741283,77.158602",477.3839955,36.552651,274.7493014,,340077.5498,455.3021239,312.337257,3748.047084,1275.295509,15
1,"Dhapa landfill site, Kolkata","Tuesday, January 21, 2025, 12:00:00 AM",22.541073,88.422348,35,99,743,607,39,2401,49,"22.541073,88.422348",376.2382514,42.21313514,408.3320047,,469041.3206,280.7614523,192.6023563,2311.228275,786.409288,15
2,"Dhapa landfill site, Kolkata","Wednesday, January 22, 2025, 12:00:00 AM",22.54103,88.422741,27,89,754,784,76,3152,49,"22.54103,88.422741",506.2868826,85.70436666,558.4879744,,486900.8714,431.0392323,295.6929134,3548.314961,1207.335455,15
3,"Dhapa landfill site, Kolkata","Thursday, January 23, 2025, 12:00:00 AM",22.540798,88.42357,23,29,760,577,56,3612,36,"22.540798,88.42357",380.649517,64.512852,653.798946,,311841.0121,279.3921404,191.6630083,2299.9561,782.5738628,15
4,"Dhapa landfill site, Kolkata","Friday, January 24, 2025, 12:00:00 AM",22.539999,88.419777,35,71,769,250,51,1526,31,"22.539999,88.419777",160.3805841,57.13348336,268.6045224,,199940.1196,84.25068076,57.795967,693.551604,235.9850946,15
5,"Dhapa landfill site, Kolkata","Saturday, January 25, 2025, 12:00:00 AM",22.539931,88.420338,29,18,740,243,86,3553,25,"22.539931,88.420338",152.9899876,94.55052221,613.7605182,,158030.5747,120.9138707,82.94691532,995.3629838,338.6782274,15
6,"Dhapa landfill site, Kolkata","Sunday, January 26, 2025, 12:00:00 AM",22.540118,88.421189,40,28,752,526,93,3523,29,"22.540118,88.421189",324.7123324,100.2546979,596.7228754,,462635.4274,294.1143349,201.7624338,2421.149205,823.8105439,15
7,"Dhapa landfill site, Kolkata","Monday, January 27, 2025, 12:00:00 AM",22.540118,88.421954,25,73,770,751,82,3769,15,"22.540118,88.421954",498.5898843,95.06619753,686.5571085,,443980.1811,433.6474178,297.4821286,3569.785544,1214.64095,15
8,"Dhapa landfill site, Kolkata","Tuesday, January 28, 2025, 12:00:00 AM",22.540135,88.422754,31,60,759,164,28,4270,13,"22.540135,88.422754",105.2071892,31.36666502,751.5821365,,116168.1903,5.48921231,3.765599645,45.18719574,15.37521447,15
9,"Dhapa landfill site, Kolkata","Wednesday, January 29, 2025, 12:00:00 AM",22.540169,88.423621,23,46,751,68,35,1470,22,"22.540169,88.423621",44.32867265,39.84305251,262.9300076,,36315.55415,23.28723482,15.97504309,191.700517,65.22725112,15
10,"Dhapa landfill site, Kolkata","Thursday, January 30, 2025, 12:00:00 AM",22.540067,88.424234,24,33,761,580,59,1131,37,"22.540067,88.424234",381.8427334,67.82929345,204.2989555,,326419.3415,372.9769989,255.8622213,3070.346655,1044.703871,15
11,"Dhapa landfill site, Kolkata","Friday, January 31, 2025, 12:00:00 AM",22.539472,88.419522,28,19,749,494,61,3401,49,"22.539472,88.419522",315.8446418,68.10596402,596.6232882,,315000.8004,239.4760951,164.2806013,1971.367215,670.7695232,15
12,"Dhapa landfill site, Kolkata","Saturday, February 1, 2025, 12:00:00 AM",22.539489,88.420321,24,34,761,288,53,1987,46,"22.539489,88.420321",189.6046676,60.9313992,358.9230987,,162084.0868,126.4357393,86.73491714,1040.819006,354.1449116,15
13,"Dhapa landfill site, Kolkata","Sunday, February 2, 2025, 12:00:00 AM",22.539472,88.421189,34,74,760,444,16,2791,39,"22.539472,88.421189",282.4188351,17.77212727,487.0993256,,342020.9324,244.4979015,167.7255605,2012.706725,684.8355396,15
14,"Dhapa landfill site, Kolkata","Monday, February 3, 2025, 12:00:00 AM",22.539455,88.421954,23,18,770,247,68,3178,12,"22.539455,88.421954",165.09106,79.36778503,582.8106781,,135248.2033,108.607293,74.50460299,894.0552358,304.2076583,15
15,"Dhapa landfill site, Kolkata","Tuesday, February 4, 2025, 12:00:00 AM",22.539506,88.422754,42,45,754,6,38,1890,22,"22.539506,88.422754",3.690225447,40.81257441,318.941078,,5520.54942,-29.32798655,-20.11899877,-241.4279853,-82.14732057,15
16,"Dhapa landfill site, Kolkata","Wednesday, February 5, 2025, 12:00:00 AM",22.539455,88.423587,44,97,769,470,67,2136,35,"22.539455,88.423587",292.95917,72.92774521,365.3065772,,459134.4554,292.2211249,200.4636917,2405.5643,818.5076866,15
17,"Dhapa landfill site, Kolkata","Thursday, February 6, 2025, 12:00:00 AM",22.539455,88.424404,41,32,754,223,39,1292,22,"22.539455,88.424404",137.5899648,42.01992262,218.7214693,,200932.7501,78.99813076,54.1927177,650.3126124,221.2727682,15
18,"Dhapa landfill site, Kolkata","Friday, February 7, 2025, 12:00:00 AM",22.53942,88.424965,27,91,752,2,52,2629,10,"22.53942,88.424965",1.288122313,58.4842865,464.5844806,,1238.799381,-26.22987064,-17.99369126,-215.9242951,-73.46953695,15
19,"Dhapa landfill site, Kolkata","Saturday, February 8, 2025, 12:00:00 AM",22.538842,88.419539,23,96,749,270,69,2852,39,"22.538842,88.419539",175.5421687,78.33855038,508.7614789,,143810.1064,175.2845442,120.2451973,1442.942368,490.9697984,15
20,"Dhapa landfill site, Kolkata","Sunday, February 9, 2025, 12:00:00 AM",22.538825,88.420355,24,40,770,86,27,2705,26,"22.538825,88.420355",57.28765646,31.40762625,494.398198,,48972.51527,22.17922272,15.21494679,182.5793615,62.12372321,15
21,"Dhapa landfill site, Kolkata","Monday, February 10, 2025, 12:00:00 AM",22.538825,88.421155,36,47,749,616,30,3086,24,"22.538825,88.421155",383.6550274,32.62797952,527.3550482,,491952.8791,372.1974961,255.3274823,3063.929788,1042.520494,15
22,"Dhapa landfill site, Kolkata","Tuesday, February 11, 2025, 12:00:00 AM",22.538842,88.421937,40,32,767,784,46,3639,44,"22.538842,88.421937",493.6357734,50.57747441,628.6654927,,703309.8968,416.9047679,285.9966708,3431.960049,1167.744999,15
23,"Dhapa landfill site, Kolkata","Wednesday, February 12, 2025, 12:00:00 AM",22.538825,88.422771,35,54,750,608,39,1605,15,"22.538825,88.422771",380.4085637,42.61083628,275.529908,,474240.2837,281.681409,193.2334466,2318.801359,788.9860752,15
24,"Dhapa landfill site, Kolkata","Thursday, February 13, 2025, 12:00:00 AM",22.538825,88.423604,25,35,752,71,63,2824,28,"22.538825,88.423604",46.03508932,71.33126662,502.3915642,,40992.94417,-30.04662342,-20.61198366,-247.343804,-84.16021336,15
25,"Dhapa landfill site, Kolkata","Friday, February 14, 2025, 12:00:00 AM",22.538791,88.424421,43,66,766,407,74,4413,42,"22.538791,88.424421",253.499792,80.48661497,754.1611045,,388263.1513,244.2927741,167.584843,2011.018116,684.2609802,15
26,"Dhapa landfill site, Kolkata","Saturday, February 15, 2025, 12:00:00 AM",22.538825,88.42522,21,62,745,205,20,1861,35,"22.538825,88.42522",133.4716089,22.73912636,332.4515884,,99836.25982,82.77165052,56.78135226,681.3762271,231.8423495,15
27,"Dhapa landfill site, Kolkata","Sunday, February 16, 2025, 12:00:00 AM",22.538672,88.42585,40,56,745,266,15,2387,19,"22.538672,88.42585",162.6796045,16.0195929,400.5446127,,231778.5339,135.9852827,93.28590394,1119.430847,380.8930624,15
28,"Dhapa landfill site, Kolkata","Monday, February 17, 2025, 12:00:00 AM",22.538332,88.419199,20,97,762,726,45,4202,20,"22.538332,88.419199",485.1201435,52.509024,770.3990526,,345588.6065,452.5842226,310.4727767,3725.67332,1267.682701,15
29,"Dhapa landfill site, Kolkata","Tuesday, February 18, 2025, 12:00:00 AM",22.538162,88.419488,38,55,766,573,34,4636,48,"22.538162,88.419488",362.6278882,37.57458917,805.0020953,,490823.0046,265.6038595,182.2042476,2186.450971,743.9530617,15
30,"Dhapa landfill site, Kolkata","Wednesday, February 19, 2025, 12:00:00 AM",22.538145,88.420373,40,58,760,794,39,2406,9,"22.538145,88.420373",495.3695339,42.48955109,411.8617101,,705780.0803,422.8439563,290.070954,3480.851448,1184.38059,15
31,"Dhapa landfill site, Kolkata","Thursday, February 20, 2025, 12:00:00 AM",22.538179,88.421172,39,18,740,119,61,2113,33,"22.538179,88.421172",72.5208618,64.91642202,353.3153424,,100741.329,-26.55304498,-18.21538886,-218.5846663,-74.37474421,15
32,"Dhapa landfill site, Kolkata","Friday, February 21, 2025, 12:00:00 AM",22.538128,88.421971,25,70,767,108,24,2749,10,"22.538128,88.421971",71.42198568,27.71584676,498.8039791,,63599.25689,56.91781332,39.04561994,468.5474392,159.4260775,15
33,"Dhapa landfill site, Kolkata","Saturday, February 22, 2025, 12:00:00 AM",22.538145,88.422754,41,43,750,165,94,692,22,"22.538145,88.422754",101.2641585,100.7414998,116.5265566,,147883.5022,86.97976137,59.6681163,716.0173956,243.6292149,15
34,"Dhapa landfill site, Kolkata","Sunday, February 23, 2025, 12:00:00 AM",22.538162,88.423638,38,31,745,725,73,1843,9,"22.538162,88.423638",446.2436904,78.46314052,311.2478942,,603998.4129,425.9908587,292.2297291,3506.756749,1193.195024,15
35,"Dhapa landfill site, Kolkata","Monday, February 24, 2025, 12:00:00 AM",22.538196,88.424421,24,52,743,791,22,2802,20,"22.538196,88.424421",508.4370347,24.69403841,494.169377,,434638.8382,419.1882967,287.5631715,3450.758058,1174.141134,15
36,"Dhapa landfill site, Kolkata","Tuesday, February 25, 2025, 12:00:00 AM",22.538162,88.425237,35,97,763,523,15,1326,15,"22.538162,88.425237",332.8983705,16.67285543,231.5797118,,415011.2083,231.2109635,158.610721,1903.328652,647.6189937,15
37,"Dhapa landfill site, Kolkata","Wednesday, February 26, 2025, 12:00:00 AM",22.538145,88.42602,35,21,745,606,60,4906,6,"22.538145,88.42602",376.6295049,65.11809852,836.5969245,,469529.0809,310.0498308,212.694184,2552.330208,868.4456671,15
38,"Dhapa landfill site, Kolkata","Thursday, February 27, 2025, 12:00:00 AM",22.538128,88.426037,24,83,767,627,47,4793,43,"22.538128,88.426037",416.0397098,54.4595247,872.6129976,,355652.7235,340.7138088,233.7296728,2804.756074,954.3350827,15
39,"Dhapa landfill site, Kolkata","Friday, February 28, 2025, 12:00:00 AM",22.538009,88.426615,29,12,762,26,93,1765,49,"22.538009,88.426615",16.85595392,105.2862556,313.9581068,,17411.3099,-66.35198804,-45.51746379,-546.2095655,-185.8510819,15
40,"Dhapa landfill site, Kolkata","Saturday, March 1, 2025, 12:00:00 AM",22.53772,88.420032,31,17,760,576,60,3886,34,"22.53772,88.420032",369.9950122,67.30283855,684.8937245,,408542.9077,366.6238214,251.5039415,3018.047298,1026.908701,15
41,"Dhapa landfill site, Kolkata","Sunday, March 2, 2025, 12:00:00 AM",22.537515,88.420373,33,32,741,607,81,984,20,"22.537515,88.420373",377.6767497,88.00864256,167.9862216,,443929.8028,303.6777472,208.3229346,2499.875215,850.5975412,15
42,"Dhapa landfill site, Kolkata","Monday, March 3, 2025, 12:00:00 AM",22.537515,88.421121,30,64,757,254,59,810,14,"22.537515,88.421121",163.0495626,66.13733301,142.6651656,,174229.2251,87.51421267,60.03474989,720.4169987,245.1262063,15
43,"Dhapa landfill site, Kolkata","Tuesday, March 4, 2025, 12:00:00 AM",22.537515,88.421954,38,23,743,14,76,2776,5,"22.537515,88.421954",8.593986333,81.46835743,467.5554131,,11632.10644,-24.01592619,-16.47492536,-197.6991044,-67.26830646,15
44,"Dhapa landfill site, Kolkata","Wednesday, March 5, 2025, 12:00:00 AM",22.537498,88.422788,41,17,756,278,88,3400,31,"22.537498,88.422788",171.9796821,95.06568087,577.1095588,,251154.585,170.2608849,116.798967,1401.587604,476.8985919,15
45,"Dhapa landfill site, Kolkata","Thursday, March 6, 2025, 12:00:00 AM",22.537481,88.423587,23,23,760,485,31,1979,20,"22.537481,88.423587",319.9566997,35.71247164,358.2137636,,262119.3949,285.5607633,195.8946836,2350.736203,799.8520976,15
46,"Dhapa landfill site, Kolkata","Friday, March 7, 2025, 12:00:00 AM",22.537481,88.424455,38,100,751,344,92,940,25,"22.537481,88.424455",213.4401851,99.6814435,160.0267571,,288894.915,149.4488451,102.5219078,1230.262893,418.604331,15
47,"Dhapa landfill site, Kolkata","Saturday, March 8, 2025, 12:00:00 AM",22.537515,88.425237,43,56,747,673,56,1200,41,"22.537515,88.425237",408.7804284,59.39799727,199.9876978,,626092.732,366.0923914,251.1393805,3013.672566,1025.420173,15
48,"Dhapa landfill site, Kolkata","Sunday, March 9, 2025, 12:00:00 AM",22.537481,88.426054,22,41,749,639,92,2326,24,"22.537481,88.426054",416.8573879,104.8052931,416.3354194,,326655.7414,335.1013022,229.8794933,2758.55392,938.6145226,15
49,"Dhapa landfill site, Kolkata","Monday, March 10, 2025, 12:00:00 AM",22.537464,88.426819,37,25,741,109,73,4179,18,"22.537464,88.426819",66.94536827,78.2934881,704.2282014,,88227.17455,-16.42610931,-11.26831099,-135.2197319,-46.00932509,15
50,"Dhapa landfill site, Kolkata","Tuesday, March 11, 2025, 12:00:00 AM",22.536869,88.421121,40,25,763,494,56,1011,45,"22.536869,88.421121",309.4187914,61.25146892,173.7472329,,440845.8826,296.0297177,203.0763864,2436.916636,829.175507,15
51,"Dhapa landfill site, Kolkata","Wednesday, March 12, 2025, 12:00:00 AM",22.536869,88.421971,38,97,754,112,56,3967,39,"22.536869,88.421971",69.76975176,60.91804074,678.044754,,94434.5438,7.885993485,5.409791531,64.91749837,22.08856833,15
52,"Dhapa landfill site, Kolkata","Thursday, March 13, 2025, 12:00:00 AM",22.536818,88.422805,20,20,770,462,26,1496,18,"22.536818,88.422805",311.953898,30.65706213,277.1577579,,222228.8939,297.9999477,204.4279641,2453.135569,834.6940963,15
53,"Dhapa landfill site, Kolkata","Friday, March 14, 2025, 12:00:00 AM",22.536869,88.423604,20,89,757,566,47,1603,24,"22.536869,88.423604",375.7249425,54.48289778,291.9672387,,267657.9422,313.3341629,214.9472358,2579.366829,877.6450399,15
54,"Dhapa landfill site, Kolkata","Saturday, March 15, 2025, 12:00:00 AM",22.536835,88.424387,32,30,768,619,55,4952,44,"22.536835,88.424387",400.4848662,62.13937698,879.0692749,,456474.1619,325.3398777,223.1831561,2678.197873,911.2728955,15
55,"Dhapa landfill site, Kolkata","Sunday, March 16, 2025, 12:00:00 AM",22.536835,88.425186,42,19,761,400,73,1280,7,"22.536835,88.425186",248.298989,79.13098375,218.0077507,,371453.4136,168.2020157,115.3865828,1384.638993,471.1317254,15
56,"Dhapa landfill site, Kolkata","Monday, March 17, 2025, 12:00:00 AM",22.536869,88.426071,26,76,749,706,61,3234,31,"22.536869,88.426071",454.4071184,68.56129388,571.1201003,,420822.1456,404.7473206,277.656662,3331.879944,1133.692142,15
57,"Dhapa landfill site, Kolkata","Tuesday, March 18, 2025, 12:00:00 AM",22.536835,88.426853,26,85,751,731,86,4817,26,"22.536835,88.426853",471.7543586,96.91828945,852.9472932,,436887.2611,380.8729349,261.2788333,3135.346,1066.820289,15
58,"Dhapa landfill site, Kolkata","Wednesday, March 19, 2025, 12:00:00 AM",22.536597,88.427312,25,86,745,346,58,2626,19,"22.536597,88.427312",222.2517414,65.05876458,462.8185954,,197908.8856,127.9008697,87.73999658,1052.879959,358.2487233,15
59,"Dhapa landfill site, Kolkata","Thursday, March 20, 2025, 12:00:00 AM",22.536257,88.422805,35,47,755,13,79,681,28,"22.536257,88.422805",8.187960642,86.8896865,117.686463,,10207.60611,-36.26238763,-24.87599792,-298.511975,-101.5704906,15
60,"Dhapa landfill site, Kolkata","Friday, March 21, 2025, 12:00:00 AM",22.536189,88.423638,38,13,758,23,64,1152,32,"22.536189,88.423638",14.40372599,69.98995813,197.9458944,,19495.68772,12.76613386,8.757567827,105.0908139,35.75777998,15
61,"Dhapa landfill site, Kolkata","Saturday, March 22, 2025, 12:00:00 AM",22.536205,88.424396,42,76,740,631,66,681,40,"22.536205,88.424396",380.8828184,69.5688306,112.7862454,,569797.8218,378.0020732,259.3094222,3111.713066,1058.779041,15
62,"Dhapa landfill site, Kolkata","Sunday, March 23, 2025, 12:00:00 AM",22.536167,88.425232,44,86,769,279,21,2437,6,"22.536167,88.425232",173.9055499,22.85794999,416.7847044,,272550.0278,97.72898619,67.04208452,804.5050143,273.7376581,15
63,"Dhapa landfill site, Kolkata","Monday, March 24, 2025, 12:00:00 AM",22.536168,88.425999,26,61,764,553,68,4870,35,"22.536168,88.425999",363.0589082,77.95960384,877.2592007,,336225.4299,328.2777982,225.1985696,2702.382835,919.5019738,15
64,"Dhapa landfill site, Kolkata","Tuesday, March 25, 2025, 12:00:00 AM",22.536166,88.426803,25,11,770,59,76,1038,48,"22.536166,88.426803",39.17017733,88.1101343,189.0809972,,34879.93433,-33.4416043,-22.94094055,-275.2912866,-93.66951202,15
65,"Dhapa landfill site, Kolkata","Wednesday, March 26, 2025, 12:00:00 AM",22.53615,88.42739,30,26,765,241,73,1048,28,"22.53615,88.42739",156.3394284,82.69572939,186.5347564,,167059.0036,148.5053929,101.8746995,1222.496394,415.9617332,15
66,"Dhapa landfill site, Kolkata","Thursday, March 27, 2025, 12:00:00 AM",22.535504,88.424452,33,80,753,693,95,682,7,"22.535504,88.424452",438.1689124,104.891592,118.3149723,,515033.6606,406.9010267,279.1341043,3349.609252,1139.724646,15
67,"Dhapa landfill site, Kolkata","Friday, March 28, 2025, 12:00:00 AM",22.53549,88.4252,30,76,746,540,48,4162,26,"22.53549,88.4252",341.6037498,53.02477712,722.4003537,,365026.1655,253.9699673,174.2233976,2090.680771,711.3666763,15
68,"Dhapa landfill site, Kolkata","Saturday, March 29, 2025, 12:00:00 AM",22.53547,88.42602,40,33,763,345,96,1412,49,"22.53547,88.42602",216.0920709,105.0025182,242.6618129,,307878.1974,147.7713209,101.3711262,1216.453514,413.9056069,15
69,"Dhapa landfill site, Kolkata","Sunday, March 30, 2025, 12:00:00 AM",22.535517,88.426828,42,64,761,293,45,2062,43,"22.535517,88.426828",181.8790094,48.77937354,351.1968609,,272089.6255,138.6605952,95.12116833,1141.45402,388.386579,15
70,"Dhapa landfill site, Kolkata","Monday, March 31, 2025, 12:00:00 AM",22.534809,88.425205,23,73,749,449,91,4932,26,"22.534809,88.425205",291.920125,103.3160592,879.8077187,,239150.8807,255.5443231,175.3034056,2103.640868,715.7764271,15
71,"Dhapa landfill site, Kolkata","Tuesday, April 1, 2025, 12:00:00 AM",22.534857,88.426013,29,14,761,642,29,1072,46,"22.534857,88.426013",415.6661901,32.78811242,190.4370576,,429361.2147,357.2821651,245.0955652,2941.146783,1000.74284,15
72,"Dhapa landfill site, Kolkata","Wednesday, April 2, 2025, 12:00:00 AM",22.534205,88.426074,29,59,756,54,17,4335,44,"22.534205,88.426074",34.73286204,19.09433236,765.0378423,,35877.21155,-48.40037598,-33.20265792,-398.431895,-135.5688429,15
73,"Dhapa landfill site, Kolkata","Thursday, April 3, 2025, 12:00:00 AM",22.534186,88.426876,44,44,752,103,91,4379,8,"22.534186,88.426876",62.78240731,96.86143004,732.3567508,,98394.48407,55.8358349,38.30338274,459.6405929,156.3954696,15
74,"Dhapa landfill site, Kolkata","Friday, April 4, 2025, 12:00:00 AM",22.533506,88.42688,30,53,751,228,57,3982,43,"22.533506,88.42688",145.1994014,63.38895314,695.7900906,,155155.1491,132.64292,90.99304309,1091.916517,371.5311464,15
75,"Dhapa landfill site, Kolkata","Saturday, April 5, 2025, 12:00:00 AM",22.533552,88.427706,26,41,748,703,32,4228,31,"22.533552,88.427706",451.8721029,35.91856093,745.6623041,,418474.4917,422.8322226,290.0629047,3480.754857,1184.347725,15
